28,-1,1478003896,1478005484,30.6686,104.06576,30.72307,104.06200000000001
-1,-1,1478002733,1478003369,30.6527,104.07531,30.675159999999998,104.0721
28,-1,1478003896,1478005484,30.6686,104.06576,30.72307,104.06200000000001
-1,-1,1477930817,1477931531,30.702191999999997,104.05162,30.6707,104.1038
-1,-1,1477932275,1477933084,30.680153000000004,104.105971,30.62903,104.10664
-1,-1,1478007167,1478007791,30.674940000000003,104.10908,30.657420000000002,104.06906
-1,-1,1478008111,1478008922,30.660315999999998,104.07223499999999,30.63196,104.0604
-1,-1,1477962788,1477964345,30.594456,104.145271,30.659670000000002,104.07476
-1,-1,1477965098,1477966668,30.660271,104.0811,30.737270000000002,104.1438
-1,-1,1478003292,1478004047,30.6183,104.05278,30.65547,104.06083000000001
-1,-1,1477994650,1477995994,30.63032,104.152508,30.678009999999997,104.12397
-1,-1,1477998799,1478000209,30.678720000000002,104.117813,30.65943,104.05743000000001
28,-1,1477999953,1478000859,30.66882,104.06546999999999,30.64994,104.03366
-1,-1,1477968966,1477970576,30.667559000000004,104.098252,30.65141,104.04069
-1,-1,1477965098,1477966668,30.660271,104.0811,30.737270000000002,104.1438
-1,-1,1477966985,1477970386,30.732129999999998,104.14573,30.64545,104.04999000000001
-1,-1,1477968966,1477970576,30.667559000000004,104.098252,30.65141,104.04069
-1,-1,1477965388,1477966551,30.724709999999998,104.04531999999999,30.758578000000004,103.971137
-1,-1,1478012997,1478013365,30.671570000000003,104.03275,30.67548,104.04785
-1,-1,1478005185,1478007860,30.718809999999998,104.06849,30.5763,103.92629000000001
-1,-1,1478005185,1478007860,30.718809999999998,104.06849,30.5763,103.92629000000001
-1,-1,1477983504,1477984515,30.624240999999998,104.116798,30.686690000000002,104.08277
-1,-1,1477984668,1477985803,30.694190000000003,104.08491,30.65292,104.0822
-1,-1,1477986337,1477987365,30.658109999999997,104.07858,30.70632,104.10596
-1,-1,1477958472,1477960014,30.64783,104.02475,30.67135,104.06728000000001
-1,-1,1477960202,1477961794,30.67039,104.0659,30.644209999999998,103.99725
-1,-1,1477974677,1477976555,30.61362,104.05759,30.65822,104.07996999999999
-1,-1,1477986337,1477987365,30.658109999999997,104.07858,30.70632,104.10596
64,-1,1477987893,1477988697,30.70706,104.09646,30.67078,104.10293
-1,-1,1477989381,1477990545,30.669025,104.103539,30.609779999999997,104.07087
-1,-1,1477964826,1477966009,30.647995,103.989746,30.65713,104.05725
85,-1,1477966361,1477966849,30.66214,104.05696999999999,30.6536,104.07183
-1,-1,1477967253,1477967585,30.652410999999997,104.069698,30.65462,104.08037
-1,-1,1477968185,1477970023,30.65723,104.089401,30.59494,104.10436
-1,-1,1477981768,1477983279,30.654459999999997,104.07406,30.63086,104.12405
-1,-1,1477974677,1477976555,30.61362,104.05759,30.65822,104.07996999999999
-1,-1,1477976736,1477977289,30.659670000000002,104.0738,30.65612,104.10631
-1,-1,1477977568,1477978349,30.661509999999996,104.11026,30.6272,104.16376
-1,-1,1477954274,1477955343,30.7104,104.09734,30.628690000000002,104.14161999999999
-1,-1,1477952268,1477952728,30.687140000000003,104.05608000000001,30.685453999999996,104.073162
-1,-1,1477953209,1477954069,30.67264,104.06812,30.710359999999998,104.09687
-1,-1,1477954274,1477955343,30.7104,104.09734,30.628690000000002,104.14161999999999
-1,-1,1477930072,1477930672,30.665709999999997,104.0977,30.68357,104.06025
-1,-1,1477931007,1477932403,30.686028000000004,104.055977,30.620379999999997,104.09806999999999
-1,-1,1477964711,1477966187,30.64782,104.02465,30.66718,104.0524
-1,-1,1477964711,1477966187,30.64782,104.02465,30.66718,104.0524
-1,-1,1477967700,1477968556,30.67253,104.05314,30.6517,104.07052
35,-1,1477969159,1477970523,30.654425,104.061867,30.58653,104.08575
-1,-1,1477975698,1477979858,30.68988,104.05225,30.517020000000002,104.05593
-1,-1,1477994718,1477995443,30.664070000000002,104.08833,30.6628,104.10186999999999
-1,-1,1477995675,1477996407,30.660140000000002,104.101249,30.65245,104.12473
-1,-1,1477996702,1477997201,30.657145,104.123722,30.6665,104.10266999999999
-1,-1,1477990332,1477994225,30.52533,104.04604,30.66243,104.10301
-1,-1,1477975698,1477979858,30.68988,104.05225,30.517020000000002,104.05593
-1,-1,1478000995,1478002342,30.61042,104.0948,30.67005,104.09348
-1,-1,1477998154,1477999414,30.659209999999998,104.104337,30.598979999999997,104.13543
-1,-1,1477936159,1477937188,30.636974,104.140434,30.73828,104.11298000000001
-1,-1,1477936159,1477937188,30.636974,104.140434,30.73828,104.11298000000001
-1,-1,1477938504,1477939014,30.694000000000003,104.07325,30.71677,104.07173900000001
-1,-1,1477939893,1477940804,30.684642999999998,104.07261700000001,30.637140000000002,104.04149
-1,-1,1477957500,1477958238,30.683544,104.110947,30.67235,104.07638
-1,-1,1477999910,1478000952,30.64785,104.01973000000001,30.6777,104.09467
-1,33,1477958881,1477959443,30.689097999999998,104.088418,30.688129999999997,104.07364
-1,-1,1477959771,1477960462,30.68812,104.07557,30.660259999999997,104.07299
-1,-1,1477961441,1477962438,30.667790000000004,104.09073000000001,30.68908,104.06085
-1,-1,1477961441,1477962438,30.667790000000004,104.09073000000001,30.68908,104.06085
-1,-1,1477962893,1477964205,30.68771,104.0621,30.65833,104.07299
-1,-1,1477965239,1477967438,30.660564,104.086014,30.578908000000002,103.958611
-1,-1,1477990822,1477992649,30.681131,104.082626,30.61774,104.04893
46,-1,1477963133,1477963920,30.662490000000002,104.08073,30.67815,104.09391
-1,-1,1477964546,1477965595,30.679270000000002,104.09685,30.69623,104.02525
-1,-1,1477951703,1477952344,30.70273,104.0621,30.688129999999997,104.07745
-1,-1,1477952922,1477954240,30.681440000000002,104.0622,30.64225,103.97837
-1,-1,1477954527,1477956144,30.64722,103.97981,30.747940000000003,104.11463
70,-1,1477957165,1477958848,30.714664000000003,104.09877,30.69025,104.0771
-1,-1,1477969468,1477971091,30.69541,104.02639,30.634090000000004,104.08476999999999
70,-1,1477957165,1477958848,30.714664000000003,104.09877,30.69025,104.0771
-1,-1,1477959942,1477960550,30.680931,104.082458,30.68148,104.10815
-1,-1,1477960831,1477961904,30.679909999999996,104.10497,30.660120000000003,104.07661
-1,-1,1477978150,1477980254,30.75491,104.09058,30.65349,104.079831
-1,-1,1477978150,1477980254,30.75491,104.09058,30.65349,104.079831
-1,-1,1477972315,1477974347,30.78085,103.94939000000001,30.658340000000003,104.03971
-1,-1,1478002953,1478003900,30.63028,104.07643,30.695520000000002,104.08027
-1,-1,1478004208,1478005480,30.692114,104.086327,30.713440000000002,104.12966999999999
-1,-1,1477984405,1477986473,30.6374,104.07011999999999,30.712740000000004,104.16858
-1,-1,1477966141,1477968524,30.6977,104.02503,30.60183,104.12776
-1,-1,1477964002,1477965772,30.745199,104.027222,30.69057,104.02299000000001
-1,-1,1477989704,1477990823,30.63979,104.08299,30.660759999999996,104.05906
-1,-1,1477991636,1477992765,30.659390000000002,104.06042,30.68463,104.03396
-1,-1,1478004208,1478005480,30.692114,104.086327,30.713440000000002,104.12966999999999
-1,-1,1477987531,1477989431,30.70123,104.17281,30.64338,104.07803
-1,-1,1477989704,1477990823,30.63979,104.08299,30.660759999999996,104.05906
-1,-1,1478010396,1478011638,30.608590000000003,104.03594,30.68797,104.10515
-1,-1,1478012044,1478012665,30.675608,104.109909,30.68075,104.13648
-1,-1,1477934612,1477935420,30.638238,104.087303,30.668041,104.08873
-1,-1,1477962499,1477963278,30.648571,104.12447900000001,30.66205,104.09662
-1,-1,1477963857,1477964450,30.662770000000002,104.12021,30.674917999999998,104.10521800000001
-1,-1,1477964969,1477966336,30.687620000000003,104.11189,30.663490000000003,104.07177
-1,-1,1477964969,1477966336,30.687620000000003,104.11189,30.663490000000003,104.07177
-1,-1,1477990756,1477991212,30.671227000000002,104.078896,30.6863,104.07403000000001
-1,-1,1477991328,1477993264,30.68791,104.07659100000001,30.748170000000002,104.02736999999999
-1,-1,1477994066,1477995837,30.731370000000002,104.04565,30.669340000000002,104.04388
-1,-1,1477994066,1477995837,30.731370000000002,104.04565,30.669340000000002,104.04388
-1,-1,1477996083,1477996488,30.668867,104.042168,30.67393,104.05508
-1,-1,1477996758,1477997791,30.67029,104.05803,30.69534,104.09159
-1,-1,1477997916,1477998866,30.702740000000002,104.09151,30.720959999999998,104.03463
-1,-1,1477990756,1477991212,30.671227000000002,104.078896,30.6863,104.07403000000001
-1,-1,1477997916,1477998866,30.702740000000002,104.09151,30.720959999999998,104.03463
-1,-1,1477958528,1477959443,30.6904,104.04701999999999,30.67205,104.11063
-1,86,1477959638,1477960640,30.670659999999998,104.11327,30.67404,104.0851
86,-1,1477960732,1477962589,30.674159999999997,104.08519,30.596629999999998,104.13651999999999
-1,-1,1477971992,1477972755,30.6338,104.09971,30.653879999999997,104.087
-1,-1,1477956129,1477957844,30.625140000000002,104.10244,30.684179999999998,104.06004
-1,-1,1477982661,1477984141,30.621370000000002,104.11643199999999,30.69221,104.07908
-1,-1,1477982661,1477984141,30.621370000000002,104.11643199999999,30.69221,104.07908
-1,-1,1477985091,1477986289,30.667559999999998,104.11223000000001,30.63735,104.03955
-1,-1,1477994796,1477995859,30.6659,104.08697,30.623309999999996,104.07736
-1,-1,1477992608,1477994418,30.653290000000002,104.03611,30.665459999999996,104.09031999999999
-1,-1,1477932135,1477932968,30.71753,104.03616,30.76778,104.05497
-1,-1,1477992360,1477994802,30.605158000000003,103.995522,30.65735,104.06578
-1,-1,1477995355,1477996474,30.65648,104.07023000000001,30.59017,104.06387
-1,-1,1477969060,1477970505,30.64035,104.0559,30.6863,104.07403000000001
-1,-1,1477970888,1477972407,30.688129999999997,104.07673,30.628059999999998,104.07485
-1,-1,1477981912,1477983783,30.671260999999998,104.079048,30.586209999999998,104.03224
-1,-1,1477960274,1477960962,30.720709999999997,104.02964,30.71886,104.10539
-1,-1,1477961361,1477962163,30.71592,104.11505,30.625171999999996,104.147102
-1,-1,1477968358,1477969575,30.684378000000002,104.11163499999999,30.62844,104.16379
-1,-1,1477995541,1477997139,30.61085,104.17101,30.65823,104.10498
-1,-1,1477975062,1477976465,30.575086,104.052871,30.662,104.04897
-1,-1,1477960578,1477961661,30.651999999999997,104.00898000000001,30.6538,104.05458
-1,-1,1477940895,1477941537,30.645570000000003,104.085298,30.677120000000002,104.08641999999999
-1,-1,1477933754,1477934367,30.717102,104.04388399999999,30.7093,103.99586
-1,-1,1477939096,1477939875,30.621540000000003,104.05281,30.65533,104.07203
-1,-1,1477931880,1477932469,30.702840000000002,104.04535,30.708440000000003,103.99835
-1,-1,1477986116,1477987436,30.724090999999998,104.04905699999999,30.68562,103.94566
-1,-1,1477967204,1477969095,30.705579999999998,104.07216,30.76095,104.0558
-1,-1,1477967381,1477968483,30.702147999999998,104.072289,30.740920000000003,104.05166
-1,-1,1477956569,1477957347,30.688072,104.062263,30.72172,104.05485
-1,-1,1477967481,1477970397,30.644983,103.968674,30.767809999999997,104.05889
-1,-1,1477972054,1477973324,30.763206,104.063354,30.705270000000002,104.10379
-1,-1,1477975300,1477975578,30.693445,104.108704,30.6804,104.09521
-1,-1,1477976339,1477977311,30.6889,104.09485,30.654629999999997,104.06843
-1,-1,1477967481,1477970397,30.644983,103.968674,30.767809999999997,104.05889
-1,-1,1477972054,1477973324,30.763206,104.063354,30.705270000000002,104.10379
-1,-1,1477993917,1477996150,30.605079999999997,104.13387,30.676679999999998,104.0794
-1,-1,1477996578,1477998611,30.668878999999997,104.071663,30.727959999999996,103.99415
-1,-1,1477976339,1477977311,30.6889,104.09485,30.654629999999997,104.06843
-1,-1,1477977509,1477978502,30.653854,104.071777,30.624000000000002,104.12335999999999
2,28,1477962983,1477963603,30.647470000000002,104.06387,30.66941,104.0655
-1,-1,1477964134,1477965318,30.66558,104.06555999999999,30.61982,104.09021
-1,-1,1478000900,1478001882,30.653570000000002,104.07578000000001,30.677909999999997,104.04132
-1,-1,1477998674,1477999800,30.616045,104.06783399999999,30.659805,104.05887299999999
-1,-1,1478000900,1478001882,30.653570000000002,104.07578000000001,30.677909999999997,104.04132
-1,-1,1477989088,1477990151,30.710590999999997,104.03758499999999,30.62697,104.0286
-1,-1,1477984316,1477986415,30.769609999999997,104.02683,30.69012,104.05111
-1,-1,1477933199,1477934628,30.612596999999997,104.07450899999999,30.70529,104.0631
-1,-1,1478001700,1478003002,30.612375,104.078987,30.668459999999996,104.10124
-1,-1,1478003536,1478003883,30.66928,104.10639,30.676940000000002,104.11607
-1,-1,1478004289,1478004812,30.675359999999998,104.10888,30.680670000000003,104.13761
-1,86,1477990926,1477992631,30.61355,104.15149,30.673240000000003,104.08596
-1,-1,1477993026,1477994952,30.666259999999998,104.08081999999999,30.679409999999997,103.97551
-1,-1,1478005010,1478006315,30.669178999999996,104.07830899999999,30.672959999999996,104.123611
-1,-1,1478006644,1478007931,30.67097,104.1257,30.649279999999997,104.06159
-1,-1,1478008327,1478009026,30.64729,104.05676,30.66433,104.08661
-1,-1,1478009564,1478011497,30.658109999999997,104.07858,30.597340000000003,104.10507
-1,-1,1478003829,1478004692,30.70826,104.0942,30.668909999999997,104.07173
-1,-1,1478005010,1478006315,30.669178999999996,104.07830899999999,30.672959999999996,104.123611
-1,-1,1477998849,1477999724,30.663140000000002,103.99987,30.6551,104.04674
1,-1,1477998526,1478000340,30.66505,104.00789,30.646959999999996,104.08882
-1,-1,1478009724,1478012129,30.65652,104.10265,30.75051,103.97333
-1,-1,1477991987,1477993375,30.660196000000003,104.07029200000001,30.633544,104.028906
-1,-1,1478001616,1478002834,30.655639,104.075172,30.67923,104.04269000000001
-1,-1,1478003312,1478004189,30.65905,104.04525,30.60135,104.09518
-1,-1,1478004397,1478005760,30.6139,104.07226,30.6838,104.10214
-1,-1,1478005830,1478006296,30.68337,104.10367,30.669420000000002,104.09406
-1,-1,1478006495,1478008461,30.667370000000002,104.10025,30.63686,104.15621
-1,-1,1478006686,1478008479,30.666424,104.10479699999999,30.63805,104.15665
-1,-1,1477968816,1477970222,30.702322,104.00235699999999,30.69128,104.08587
66,-1,1477970697,1477972028,30.694025,104.090878,30.780659999999997,104.13594
-1,-1,1478010493,1478011930,30.70492,103.9976,30.646140000000003,104.08259
-1,-1,1478012790,1478013321,30.647942999999998,104.084785,30.67695,104.073184
-1,-1,1478013654,1478014071,30.665303,104.07797099999999,30.682896000000003,104.099818
-1,-1,1478014341,1478014782,30.679579999999998,104.09684,30.7146,104.1067
-1,-1,1478014962,1478016930,30.71422,104.10683,30.688090000000003,104.08877
-1,-1,1477987514,1477989265,30.690244,104.077093,30.61157,104.13359
-1,-1,1477984201,1477986883,30.564569,103.983398,30.680459999999997,104.06981
-1,-1,1477983466,1477985583,30.669721000000003,104.048498,30.59736,104.10394000000001
1,-1,1477981779,1477983011,30.66256,104.00777,30.67328,104.04692
-1,-1,1477983466,1477985583,30.669721000000003,104.048498,30.59736,104.10394000000001
-1,-1,1477991926,1477993286,30.654032,104.075409,30.62098,104.09572
-1,-1,1477997189,1478000776,30.702140000000004,104.10335,30.79097,104.07868
-1,-1,1478007330,1478008675,30.63713,104.0719,30.66108,104.01241
-1,-1,1477977807,1477979055,30.683371,103.97692099999999,30.70198,104.05155
-1,-1,1477979267,1477980575,30.70455,104.0498,30.732670000000002,103.9775
-1,-1,1477995040,1477996702,30.705065,104.037079,30.70028,104.09691
-1,-1,1477997189,1478000776,30.702140000000004,104.10335,30.79097,104.07868
-1,-1,1478007921,1478009726,30.599590000000003,104.13199,30.702790000000004,104.05243
-1,-1,1478009844,1478011282,30.70265,104.05249,30.61093,104.1017
-1,80,1477959891,1477961148,30.68569,104.04249,30.66752,104.07279
-1,-1,1477991443,1477992794,30.72127,104.027532,30.661720000000003,104.10734000000001
-1,-1,1477993250,1477995614,30.662985,104.108879,30.647688,104.23164
-1,-1,1477972342,1477974051,30.715342,104.168617,30.673009999999998,104.10768
-1,-1,1477974358,1477975294,30.67227,104.10958000000001,30.646955,104.113392
80,-1,1477963152,1477965787,30.666294,104.073921,30.544477,104.101339
17,-1,1477976310,1477977150,30.644385999999997,104.118851,30.659670000000002,104.0738
-1,-1,1477977446,1477979994,30.65972,104.07489,30.56815,104.17738
-1,-1,1477972119,1477973502,30.69025,104.07659,30.64975,104.14502
-1,-1,1477973891,1477974687,30.6553,104.14771,30.65728,104.09172
-1,-1,1477969012,1477970613,30.643542999999998,104.05953199999999,30.686020000000003,104.03474
-1,-1,1477970791,1477971621,30.687720000000002,104.03166999999999,30.68507,104.07313
-1,-1,1477972119,1477973502,30.69025,104.07659,30.64975,104.14502
-1,-1,1477983138,1477984648,30.626103999999998,104.076714,30.68595,104.06045999999999
-1,-1,1477985013,1477987158,30.682949,104.06950400000001,30.61526,104.06713
52,-1,1477992339,1477993134,30.626309999999997,104.06691,30.66035,104.08143000000001
-1,-1,1477993448,1477994274,30.655603000000003,104.08078,30.638340000000003,104.10029
-1,-1,1477961753,1477963276,30.64467,104.03352,30.670709999999996,104.07531999999999
-1,-1,1477964345,1477965777,30.670515999999996,104.08041999999999,30.633129999999998,104.02956
-1,-1,1477970027,1477970845,30.640040000000003,104.092598,30.679137,104.094727
71,-1,1477971398,1477972015,30.678990000000002,104.09047,30.66167,104.07548
-1,-1,1477992551,1477994487,30.60463,104.09523,30.66187,104.09459
-1,-1,1477966169,1477967083,30.64613,104.04092,30.67486,104.05969
-1,-1,1477967258,1477968180,30.673796000000003,104.058495,30.65607,104.07042
-1,-1,1477968682,1477969378,30.653201,104.072035,30.6419,104.0936
-1,-1,1477992551,1477994487,30.60463,104.09523,30.66187,104.09459
-1,-1,1477994980,1477995452,30.667579999999997,104.08731999999999,30.660040000000002,104.07655
-1,48,1477995595,1477996276,30.66027,104.07654000000001,30.648909999999997,104.08589
-1,-1,1477996749,1478000390,30.655040000000003,104.0733,30.589570000000002,103.93541
46,-1,1477973431,1477974934,30.661929999999998,104.08071,30.631120000000003,104.10517
-1,-1,1477956049,1477957805,30.658109999999997,104.11856,30.68507,104.03701
-1,-1,1477958241,1477960556,30.686781,104.044724,30.608079999999998,104.14317
-1,-1,1477958241,1477960556,30.686781,104.044724,30.608079999999998,104.14317
-1,-1,1477963420,1477965092,30.630527,104.00140400000001,30.67367,104.11091
-1,85,1477993667,1477995120,30.652140000000003,104.10268,30.663590000000003,104.0526
-1,-1,1477995361,1477995812,30.668909999999997,104.05364,30.655620000000003,104.05046
-1,-1,1477989576,1477991029,30.720475,104.034756,30.668490000000002,104.11203
-1,85,1477993667,1477995120,30.652140000000003,104.10268,30.663590000000003,104.0526
-1,-1,1477988230,1477989456,30.674490000000002,104.09299,30.720959999999998,104.03463
-1,-1,1477989576,1477991029,30.720475,104.034756,30.668490000000002,104.11203
-1,-1,1477977812,1477978754,30.705109999999998,103.9987,30.713959999999997,104.04934
-1,-1,1477979299,1477980887,30.713959999999997,104.04934,30.77795,103.93875
-1,-1,1477937641,1477938507,30.6248,104.073174,30.68042,104.10393
-1,-1,1478004569,1478005440,30.6798,104.0188,30.6722,104.05277
-1,41,1478005748,1478006282,30.672929999999997,104.05165,30.6848,104.02885
-1,28,1478009339,1478010396,30.6449,104.02118,30.670709999999996,104.06155
-1,26,1478010681,1478011198,30.672090999999998,104.0616,30.6646,104.0489
-1,-1,1478011327,1478012681,30.66899,104.04856,30.600590000000004,104.05189
-1,-1,1478013890,1478015056,30.63428,104.09879000000001,30.705077000000003,104.035255
-1,-1,1477958829,1477960723,30.624979999999997,104.07165,30.67462,104.04464
-1,-1,1477961157,1477962097,30.67088,104.04738,30.715559999999996,104.04235
-1,-1,1477975822,1477979854,30.49754,104.044619,30.663429999999998,104.07054000000001
-1,-1,1477979265,1477981015,30.652829999999998,104.08995,30.68378,104.03629000000001
37,-1,1477984350,1477986384,30.696471999999996,104.008021,30.655409999999996,104.0705
-1,62,1477986666,1477988033,30.65423,104.07244,30.61706,104.11945
-1,-1,1477979265,1477981015,30.652829999999998,104.08995,30.68378,104.03629000000001
28,-1,1477980366,1477981890,30.670209999999997,104.06352,30.666999999999998,104.00719000000001
-1,-1,1477963056,1477964310,30.623070000000002,104.09791,30.665354999999998,104.066513
-1,-1,1477964883,1477965887,30.66889,104.07171,30.629759999999997,104.07369
-1,21,1478012801,1478013712,30.616259999999997,104.06784,30.688229999999997,104.11329
-1,-1,1478014208,1478014678,30.682879999999997,104.116,30.684789000000002,104.092228
-1,-1,1478014972,1478016294,30.678709,104.092674,30.72268,104.05694
-1,-1,1478009611,1478012860,30.756390000000003,103.96844,30.70257,104.04765
-1,-1,1478013245,1478014237,30.70303,104.045799,30.668440000000004,104.07746999999999
-1,-1,1478014682,1478015080,30.664668,104.070638,30.673709999999996,104.07758000000001
-1,-1,1478015281,1478016085,30.6671,104.07141999999999,30.65141,104.04069
-1,-1,1478009611,1478012860,30.756390000000003,103.96844,30.70257,104.04765
-1,-1,1477932310,1477933110,30.623309999999996,104.07736,30.66098,104.09421999999999
46,-1,1477933572,1477934830,30.66507,104.07996,30.66935,103.96992
-1,-1,1477964818,1477965929,30.639115999999998,104.055,30.68413,104.05214000000001
-1,-1,1477966254,1477966513,30.675629999999998,104.05466899999999,30.667009999999998,104.05243
-1,-1,1477967118,1477969592,30.66807,104.05443000000001,30.657490000000003,104.16828000000001
-1,-1,1477976110,1477977403,30.71438,104.04155,30.689740000000004,104.08807
-1,-1,1477977753,1477978254,30.68941,104.08274,30.705270000000002,104.10379
-1,-1,1477978517,1477979166,30.706559999999996,104.097488,30.71984,104.07999000000001
-1,-1,1477970612,1477972428,30.652559000000004,104.180801,30.76608,104.05256999999999
-1,-1,1477975146,1477975786,30.74564,104.0282,30.71384,104.049936
-1,-1,1477976110,1477977403,30.71438,104.04155,30.689740000000004,104.08807
-1,-1,1477980215,1477980224,30.715567,104.07666,30.701141999999997,104.07946700000001
-1,-1,1477980516,1477981797,30.72063,104.0687,30.734059999999996,103.97013000000001
-1,35,1477986761,1477987526,30.661659000000004,104.087491,30.653370000000002,104.06614
-1,-1,1477987908,1477988442,30.65798,104.06897,30.65485,104.08017
-1,-1,1477989322,1477991166,30.658109999999997,104.07858,30.70103,104.1082
-1,-1,1477989629,1477991177,30.658488000000002,104.075448,30.69923,104.11004
-1,-1,1477990315,1477992053,30.660079999999997,104.08055999999999,30.6963,104.1642
-1,-1,1477972682,1477974072,30.7204,104.02979,30.69025,104.07643
-1,-1,1477974596,1477975516,30.694763000000002,104.074432,30.67022,104.07996
86,-1,1477975953,1477977143,30.672490000000003,104.08513,30.634290000000004,104.10648
-1,-1,1477980318,1477983308,30.6895,104.10956999999999,30.560375,104.070237
-1,35,1477986761,1477987526,30.661659000000004,104.087491,30.653370000000002,104.06614
-1,-1,1477997927,1477999230,30.65414,104.075195,30.60166,104.06661
86,-1,1477975953,1477977143,30.672490000000003,104.08513,30.634290000000004,104.10648
38,-1,1477979255,1477979835,30.638690000000004,104.10728,30.67755,104.11615
-1,-1,1477964796,1477967058,30.793858,104.139465,30.712559999999996,104.06036999999999
-1,-1,1477967377,1477969103,30.708478999999997,104.06514,30.774929999999998,103.94433000000001
-1,-1,1477997927,1477999230,30.65414,104.075195,30.60166,104.06661
-1,-1,1477990315,1477992053,30.660079999999997,104.08055999999999,30.6963,104.1642
-1,-1,1478011552,1478013462,30.64375,104.12026,30.79014,104.15250999999999
-1,-1,1478011552,1478013462,30.64375,104.12026,30.79014,104.15250999999999
-1,-1,1477968130,1477968977,30.671749,104.082649,30.621229999999997,104.07739000000001
-1,-1,1477958904,1477961828,30.64886,103.99472,30.647579999999998,104.08771
-1,-1,1478004200,1478006247,30.66811,104.11147,30.686,104.1704
-1,-1,1478008448,1478009236,30.683436999999998,104.100414,30.641679999999997,104.09124
-1,-1,1477984161,1477986661,30.65077,104.05949,30.66951,104.00647
43,-1,1478000775,1478001685,30.64627,104.09006,30.6679,104.11516
-1,1,1477992181,1477993575,30.658440000000002,104.06748,30.663320000000002,104.007
-1,-1,1478003675,1478005951,30.669790000000003,104.11105,30.681070000000002,104.15287
-1,-1,1478004200,1478006247,30.66811,104.11147,30.686,104.1704
-1,-1,1477988073,1477989961,30.607236999999998,104.14903199999999,30.67122,104.10672
59,-1,1477936689,1477937270,30.693001000000002,104.0177,30.702690000000004,104.05667
-1,-1,1477940159,1477941085,30.686009999999996,104.04590999999999,30.63832,104.08771999999999
-1,-1,1477950928,1477952060,30.599859999999996,104.07028000000001,30.68885,104.05498
-1,-1,1477940159,1477941085,30.686009999999996,104.04590999999999,30.63832,104.08771999999999
-1,-1,1477941347,1477942319,30.64108,104.08359,30.69422,104.03387
-1,-1,1477994227,1477995845,30.694359999999996,104.0696,30.64488,104.02553
-1,-1,1477939918,1477940441,30.638790000000004,104.08700999999999,30.667659999999998,104.09865
-1,-1,1477939918,1477940441,30.638790000000004,104.08700999999999,30.667659999999998,104.09865
-1,-1,1478011759,1478012674,30.679407,103.975555,30.727059000000004,104.06206
-1,-1,1478009101,1478010850,30.7025,104.11215,30.6977,103.96446
-1,-1,1477992673,1477993845,30.77582,104.06864,30.69541,104.05771999999999
-1,-1,1477994227,1477995845,30.694359999999996,104.0696,30.64488,104.02553
-1,-1,1477932277,1477933124,30.594659999999998,104.040672,30.65558,104.05053000000001
-1,-1,1477969139,1477971917,30.748711,103.987297,30.69025,104.0771
-1,-1,1477964378,1477965692,30.701971,103.980509,30.7087,104.05114
-1,-1,1477966180,1477967739,30.70018,104.05753299999999,30.763,103.9853
-1,-1,1477964378,1477965692,30.701971,103.980509,30.7087,104.05114
-1,-1,1477973700,1477977543,30.702824,104.073784,30.6316,104.03016
-1,-1,1478003875,1478005825,30.659958000000003,104.076424,30.721220000000002,104.02922
-1,-1,1477993633,1477995140,30.693109999999997,104.16334,30.655244,104.119798
-1,-1,1477998661,1477999833,30.6562,104.08809000000001,30.604741999999998,104.06741099999999
-1,-1,1477965160,1477966003,30.71067,104.025536,30.68423,104.07824000000001
-1,-1,1477971118,1477973362,30.568026,103.956069,30.701629999999998,104.0746
-1,-1,1477973700,1477977543,30.702824,104.073784,30.6316,104.03016
-1,-1,1477974224,1477975446,30.70934,104.06661,30.65349,104.079831
-1,-1,1477965160,1477966003,30.71067,104.025536,30.68423,104.07824000000001
-1,-1,1477967213,1477968685,30.681490000000004,104.08529,30.64545,104.04999000000001
-1,-1,1477971118,1477973362,30.568026,103.956069,30.701629999999998,104.0746
-1,-1,1478006512,1478007185,30.714421999999995,103.985893,30.702779999999997,104.04428
-1,-1,1477955295,1477956581,30.668089000000002,104.04965200000001,30.66382,104.11166
-1,-1,1477957086,1477958400,30.680059999999997,104.10531999999999,30.628690000000002,104.14161999999999
-1,-1,1477966147,1477967505,30.657790000000002,104.18101999999999,30.71129,104.02956
-1,-1,1477967735,1477968245,30.71045,104.03754,30.69087,104.03895
-1,-1,1477968398,1477968903,30.694429,104.033867,30.662390000000002,104.04021999999999
-1,-1,1477969911,1477971104,30.657372,104.057115,30.62797,104.105181
-1,-1,1477980017,1477982138,30.643079999999998,103.98764,30.68836,104.0771
-1,-1,1477989272,1477992037,30.680826,104.077782,30.75525,104.02842
-1,-1,1478012191,1478012800,30.65692,104.08171999999999,30.684759999999997,104.10833000000001
-1,-1,1477992934,1477995425,30.75252,104.03281,30.6689,104.0422
-1,-1,1477961644,1477962673,30.63953,104.10061999999999,30.65539,104.07191
-1,-1,1477992934,1477995425,30.75252,104.03281,30.6689,104.0422
-1,-1,1478012191,1478012800,30.65692,104.08171999999999,30.684759999999997,104.10833000000001
-1,-1,1477970909,1477973500,30.610048,103.963943,30.68225,104.06381
-1,-1,1477956387,1477957589,30.636359999999996,104.09436,30.67734,104.08384000000001
86,-1,1477957951,1477958404,30.675359999999998,104.0897,30.66923,104.10385
86,-1,1477957951,1477958404,30.675359999999998,104.0897,30.66923,104.10385
-1,-1,1477958635,1477959686,30.6639,104.10558,30.6292,104.09658
-1,-1,1477960504,1477961692,30.625674,104.10170500000001,30.664509999999996,104.06268
-1,-1,1478013601,1478014591,30.659000000000002,104.0822,30.6078,104.08097
-1,-1,1478009179,1478009964,30.63482,104.06009,30.66098,104.09421999999999
-1,-1,1478010433,1478011836,30.661893,104.102328,30.654429999999998,104.18548
-1,-1,1477966445,1477969142,30.59481,104.14613,30.69221,104.07908
-1,-1,1478011450,1478013729,30.772340999999997,104.058403,30.628690000000002,104.14161999999999
-1,-1,1478011450,1478013729,30.772340999999997,104.058403,30.628690000000002,104.14161999999999
-1,-1,1477961289,1477964186,30.65225,104.116302,30.669340000000002,104.07061
-1,-1,1477961289,1477964186,30.65225,104.116302,30.669340000000002,104.07061
-1,-1,1478002579,1478003463,30.70256,104.04396,30.68195,104.04746999999999
-1,-1,1478003899,1478004524,30.68413,104.04304,30.669829999999997,104.06003
-1,-1,1477998369,1478000209,30.8192,103.9832,30.702779999999997,104.04428
-1,-1,1478009470,1478011130,30.8154,104.06581,30.700059999999997,104.11016
-1,-1,1478007372,1478008365,30.69554,104.092925,30.67282,104.14424
-1,17,1478008642,1478009470,30.671090000000003,104.12574000000001,30.644385999999997,104.118847
-1,56,1478008789,1478009462,30.66967,104.12526,30.65059,104.1095
-1,56,1478008789,1478009462,30.66967,104.12526,30.65059,104.1095
56,-1,1478009625,1478012492,30.649690000000003,104.10733,30.602938,103.988578
-1,-1,1477958800,1477959553,30.679202000000004,104.095383,30.695897,104.075698
-1,-1,1477960651,1477961156,30.691877,104.073204,30.682370000000002,104.08511
-1,-1,1477961431,1477962018,30.6815,104.08185,30.66129,104.10592
-1,-1,1477973111,1477973995,30.669966,104.099091,30.646790000000003,104.08243
-1,-1,1477961431,1477962018,30.6815,104.08185,30.66129,104.10592
-1,-1,1477962495,1477963522,30.658479999999997,104.11962,30.634259999999998,104.07721
38,-1,1477966144,1477966735,30.64023,104.10538000000001,30.660490000000003,104.08646999999999
-1,-1,1477997855,1477998955,30.677891,104.08766999999999,30.682740000000003,104.13996999999999
-1,-1,1477999964,1478000624,30.687769,104.174103,30.713408,104.103546
-1,-1,1477981776,1477982757,30.64119,104.05677,30.689529999999998,104.10951999999999
-1,-1,1477983036,1477984710,30.687479999999997,104.10899,30.667890000000003,104.088
66,-1,1478002592,1478004568,30.694073,104.090637,30.819709999999997,104.18815
-1,-1,1477996001,1477997058,30.70314,104.16646,30.7294,104.06026
-1,-1,1477997664,1477999800,30.730190000000004,104.05208,30.57459,103.95501999999999
56,-1,1477992330,1477993883,30.64975,104.10744,30.694809999999997,104.17257
-1,13,1477957836,1477958613,30.672251,104.071114,30.64873,104.0719
-1,-1,1477956277,1477957344,30.65877,104.12011,30.672340000000002,104.07673
-1,13,1477957836,1477958613,30.672251,104.071114,30.64873,104.0719
-1,-1,1477935404,1477938666,30.816940000000002,104.16197199999999,30.64705,104.0182
-1,-1,1477930970,1477932528,30.639677000000002,104.088161,30.76065,104.04904
-1,-1,1477940360,1477940632,30.65523,104.05124,30.673540000000003,104.04695
63,-1,1477939326,1477939822,30.637209999999996,104.029619,30.65467,104.04394
-1,-1,1477940360,1477940632,30.65523,104.05124,30.673540000000003,104.04695
-1,-1,1477932967,1477933829,30.677467,104.026291,30.66255,104.10095
-1,-1,1477934107,1477934850,30.660625,104.094269,30.70213,104.07318000000001
-1,-1,1477935174,1477936278,30.698801,104.066209,30.678079999999998,104.02266999999999
-1,-1,1477980949,1477982702,30.72342,104.06479,30.678079999999998,104.02266999999999
-1,-1,1477973345,1477974197,30.684148999999998,104.167243,30.65725,104.10885999999999
-1,-1,1477974557,1477975192,30.6613,104.10889,30.661240000000003,104.08655
-1,-1,1477974918,1477976352,30.65812,104.10095,30.701340000000002,104.04437
-1,-1,1477976569,1477977041,30.70267,104.04397,30.687590000000004,104.03371
-1,-1,1477978661,1477979512,30.690140000000003,104.02938,30.72577,104.04817
-1,-1,1478004505,1478005911,30.678279999999997,104.00166,30.76093,104.06228
-1,-1,1478006266,1478007324,30.758653999999996,104.066399,30.689459999999997,104.09405
-1,64,1478007536,1478007932,30.690459999999998,104.08609,30.70314,104.09469
64,-1,1478008018,1478008439,30.707040000000003,104.0965,30.6902,104.08667
-1,-1,1478008958,1478009761,30.686882,104.073962,30.711129999999997,104.11398
-1,-1,1478009968,1478011224,30.7151,104.118678,30.59171,104.11421999999999
-1,-1,1477990462,1477991392,30.670840000000002,104.10092,30.691724,104.15578199999999
-1,-1,1477992624,1477993551,30.67613,104.14538,30.66205,104.09662
-1,-1,1477994011,1477994546,30.65721,104.09052,30.64382,104.08292
48,-1,1477973274,1477975346,30.650859999999998,104.08174,30.717159999999996,104.04433
-1,-1,1477984167,1477985601,30.60083,104.122989,30.69861,104.1141
-1,-1,1477985762,1477986573,30.69909,104.11003000000001,30.6922,104.07985
-1,-1,1477965144,1477966324,30.666120000000003,104.03356,30.67597,104.06921
-1,-1,1477987262,1477988702,30.686407,104.07329399999999,30.682709999999997,104.14404
-1,-1,1477989619,1477990212,30.67087,104.124702,30.6676,104.09903
-1,-1,1477990462,1477991392,30.670840000000002,104.10092,30.691724,104.15578199999999
-1,-1,1477965144,1477966324,30.666120000000003,104.03356,30.67597,104.06921
-1,-1,1477995535,1477997188,30.639190000000003,104.07945,30.67362,104.03668
-1,-1,1477979521,1477981254,30.715288,103.990482,30.68515,104.08476
-1,-1,1477981540,1477982847,30.688940000000002,104.0808,30.640990000000002,104.09212
-1,-1,1477981258,1477985004,30.578871000000003,103.920601,30.659209999999998,104.05776999999999
-1,-1,1477989234,1477990027,30.66773,104.05356,30.65292,104.0822
-1,-1,1478014299,1478016417,30.660745000000002,103.998747,30.62807,104.10644
-1,-1,1478001122,1478002742,30.756359999999997,104.030599,30.71517,104.07829
-1,-1,1478003230,1478004356,30.722690000000004,104.07765,30.6853,104.01836999999999
-1,-1,1477969877,1477972153,30.78019,103.92883,30.682703000000004,104.064616
-1,-1,1477980534,1477982770,30.682432000000002,103.99215699999999,30.660759999999996,104.07366
80,-1,1477982972,1477984191,30.66565,104.07449,30.63035,104.0972
-1,-1,1477973102,1477973640,30.674549,104.05351999999999,30.65735,104.06578
-1,-1,1477958976,1477960050,30.62475,104.05611999999999,30.66485,104.06515
-1,13,1477998471,1477999205,30.701487,104.105766,30.645090000000003,104.07481
-1,28,1477958210,1477962677,30.584578000000004,103.864571,30.67002,104.06246
-1,43,1477964134,1477965421,30.670764000000002,104.060462,30.647109999999998,104.09087
43,-1,1477968810,1477969397,30.646240000000002,104.09206999999999,30.660490000000003,104.08646999999999
-1,-1,1477969716,1477971401,30.662809999999997,104.08502,30.713009999999997,104.04186
-1,-1,1477971677,1477973489,30.71197,104.04264,30.6556,104.0733
66,-1,1477961401,1477962415,30.693619,104.09063,30.671,104.07958
-1,-1,1477962944,1477964233,30.66677,104.083432,30.623148999999998,104.03819
66,-1,1477961401,1477962415,30.693619,104.09063,30.671,104.07958
2,-1,1478001317,1478003465,30.64381,104.06246,30.686090000000004,103.92413
-1,-1,1477985937,1477988730,30.56056,104.08357,30.66569,104.05333
-1,-1,1477989846,1477992068,30.661590000000004,104.06518,30.57033,103.95577
-1,-1,1478008838,1478009211,30.664184999999996,104.033691,30.65516,104.04119
-1,-1,1477971677,1477973489,30.71197,104.04264,30.6556,104.0733
-1,-1,1478005621,1478007151,30.675682000000002,103.957321,30.63917,104.06611099999999
-1,-1,1477957138,1477958345,30.6119,104.13297,30.65618,104.1312
-1,-1,1477975687,1477976779,30.679009999999998,104.08071,30.70157,104.07146
-1,-1,1477978311,1477979595,30.702578999999997,104.065407,30.71329,104.10378
-1,-1,1477979966,1477980276,30.715389000000002,104.112503,30.7029,104.11309
-1,-1,1478004732,1478006207,30.62606,104.05223000000001,30.66818,104.04912
-1,-1,1478005177,1478007156,30.6331,104.04462,30.677770000000002,103.98791999999999
-1,-1,1477965264,1477966553,30.730359999999997,104.01143,30.71453,104.11058
-1,-1,1477967438,1477968570,30.711959999999998,104.10955,30.70348,104.04292
-1,-1,1477979966,1477980276,30.715389000000002,104.112503,30.7029,104.11309
20,-1,1477980990,1477982112,30.698299,104.10659799999999,30.68818,104.06639
-1,-1,1477983296,1477986950,30.68814,104.07840999999999,30.596490000000003,104.30558
-1,-1,1477958397,1477960006,30.665159999999997,104.11232,30.68345,104.04865
-1,-1,1477960557,1477963109,30.677688,104.04650600000001,30.673000000000002,104.04692
-1,-1,1477971519,1477972505,30.713309000000002,104.035836,30.7598,104.05533
-1,-1,1477983296,1477986950,30.68814,104.07840999999999,30.596490000000003,104.30558
-1,-1,1477984135,1477985417,30.694409999999998,104.08024,30.63832,104.14966
-1,-1,1477973119,1477974641,30.765265999999997,104.054828,30.69408,104.08024
-1,-1,1477975687,1477976779,30.679009999999998,104.08071,30.70157,104.07146
-1,-1,1478002139,1478003197,30.65274,104.11079000000001,30.673399,104.06280100000001
85,-1,1478003703,1478005150,30.66337,104.05615999999999,30.64467,104.12982
-1,-1,1477984051,1477985805,30.654590000000002,104.07045,30.67029,103.99631
-1,-1,1477986110,1477987102,30.6689,103.99406,30.6544,104.05212
-1,74,1477978879,1477980424,30.76357,104.04744000000001,30.626309999999997,104.14341999999999
-1,-1,1477998429,1477999694,30.721790000000002,104.06,30.67091,104.12549
-1,-1,1478000136,1478000678,30.67355,104.12668000000001,30.6739,104.13943
-1,-1,1478000904,1478001309,30.66157,104.129189,30.66038,104.11423
-1,-1,1478009711,1478010841,30.64077,104.09321,30.6781,104.03752
-1,-1,1477993337,1477995049,30.789801,104.08266400000001,30.712429999999998,104.0669
-1,-1,1477995980,1477996384,30.72265,104.07687,30.70716,104.0966
-1,-1,1477996862,1477997683,30.713478000000002,104.103241,30.72376,104.06183
-1,28,1477987602,1477988166,30.654190000000003,104.05365,30.66785,104.0607
-1,-1,1477988643,1477989659,30.66068,104.06889,30.68143,104.09271
82,-1,1478013181,1478014600,30.677229999999998,104.00973,30.667740000000002,104.08259
-1,-1,1478015192,1478015927,30.6731,104.06279,30.6412,104.0857
-1,-1,1477987371,1477988508,30.682927000000003,104.02895799999999,30.763709999999996,104.0874
-1,-1,1477967601,1477969000,30.69047,104.02279,30.69221,104.07908
-1,-1,1477969498,1477970428,30.690640000000002,104.08004,30.70213,104.07318000000001
-1,-1,1477971266,1477971927,30.710898999999998,104.049538,30.709255,104.019537
-1,-1,1477930403,1477931581,30.6299,104.07609000000001,30.66951,104.11457
-1,-1,1477995497,1477996953,30.694000000000003,104.08493,30.640240000000002,104.08827
-1,-1,1478010963,1478012542,30.62753,104.09815,30.660390000000003,104.0758
-1,-1,1478010963,1478012542,30.62753,104.09815,30.660390000000003,104.0758
-1,-1,1477975398,1477976424,30.61947,104.01637,30.676920000000003,104.04881999999999
-1,49,1477977309,1477978045,30.671674,104.065312,30.69493,104.05456
-1,23,1477978545,1477979397,30.700809999999997,104.04101,30.67189,104.01894
-1,20,1477964537,1477965900,30.671638,104.137573,30.69935,104.10469
-1,-1,1477966080,1477966612,30.700770000000002,104.10113,30.67929,104.09581
-1,-1,1477967403,1477969216,30.679033,104.09603100000001,30.589509999999997,104.13555
-1,-1,1477975398,1477976424,30.61947,104.01637,30.676920000000003,104.04881999999999
-1,20,1477964537,1477965900,30.671638,104.137573,30.69935,104.10469
-1,-1,1477986260,1477987237,30.618009999999998,104.04534,30.655959999999997,104.08265
-1,-1,1477986260,1477987237,30.618009999999998,104.04534,30.655959999999997,104.08265
-1,-1,1477988215,1477988911,30.647627000000004,104.088286,30.67125,104.10976
-1,-1,1477932645,1477933625,30.640040000000003,104.08811,30.68918,104.04213
-1,-1,1477998630,1477999383,30.636615999999997,104.08609799999999,30.669390000000003,104.10333
-1,-1,1477999836,1478000726,30.67238,104.09503000000001,30.62449,104.07204
-1,-1,1477995042,1477995776,30.704926,104.070183,30.71063,104.09506999999999
66,-1,1477996551,1477997903,30.693109999999997,104.09003,30.640240000000002,104.08827
-1,-1,1477932645,1477933625,30.640040000000003,104.08811,30.68918,104.04213
-1,-1,1478011768,1478012601,30.66341,104.04065,30.66018,104.08038
-1,-1,1478012770,1478013585,30.658440000000002,104.08148,30.672040000000003,104.11269
-1,-1,1477969627,1477971473,30.57869,104.05729000000001,30.65918,104.08264
-1,-1,1477971659,1477972533,30.655409999999996,104.0842,30.65618,104.11832
-1,-1,1477972771,1477974047,30.6587,104.12,30.71687,104.04793000000001
-1,-1,1477975738,1477976723,30.678079999999998,104.03698,30.70018,104.10851
-1,-1,1477976988,1477977354,30.70103,104.10746,30.689459999999997,104.09405
-1,-1,1477978118,1477979114,30.69864,104.09637,30.689420000000002,104.03339
-1,28,1477965953,1477966612,30.69102,104.03706,30.66943,104.06437
-1,-1,1477966819,1477967701,30.66449,104.065278,30.6206,104.05411
-1,-1,1477963371,1477964356,30.637629999999998,104.07598,30.67241,104.05759
-1,-1,1477964719,1477965604,30.67503,104.05135,30.70523,104.01371
-1,-1,1478011768,1478012601,30.66341,104.04065,30.66018,104.08038
-1,-1,1477972771,1477974047,30.6587,104.12,30.71687,104.04793000000001
-1,-1,1477974386,1477975297,30.714990000000004,104.04656999999999,30.68409,104.04644
-1,-1,1477975738,1477976723,30.678079999999998,104.03698,30.70018,104.10851
-1,-1,1477985622,1477986908,30.652838,104.08136400000001,30.660040000000002,104.02875999999999
-1,12,1477998044,1477999145,30.65912,104.08284,30.6748,104.03171999999999
-1,-1,1477999767,1478000868,30.671159999999997,104.043304,30.720959999999998,104.03463
-1,-1,1477978345,1477982538,30.63502,103.93519,30.65403,104.0672
-1,-1,1477982738,1477983224,30.654790999999996,104.067398,30.653309999999998,104.07775
-1,-1,1477966641,1477970161,30.717957000000002,104.131458,30.673509999999997,103.95487
-1,-1,1477933320,1477934399,30.715546000000003,103.989923,30.65488,104.05254000000001
-1,-1,1477934840,1477935390,30.65454,104.06083000000001,30.656159999999996,104.04087
-1,61,1477935670,1477936978,30.658109999999997,104.0439,30.70995,104.01198000000001
-1,-1,1477965704,1477968390,30.693309999999997,104.16771,30.64017,104.06602
-1,61,1477999817,1478000793,30.68303,104.04799,30.71025,104.01264
-1,-1,1478000826,1478002187,30.683390000000003,104.04803000000001,30.686927,104.10994699999999
-1,-1,1478002563,1478003504,30.689059999999998,104.10765,30.74778,104.07042
0,0,1,2,30.63163744,104.1383875,30.63163744,104.1383875
